-0.005103886,1.78741E-07
-0.005103886,1.78741E-07
-0.005103886,1.78741E-07
-0.005103886,1.78741E-07
-0.005103886,1.78741E-07
-0.005103886,1.78741E-07
-0.005103886,1.78741E-07
-0.005103886,1.78741E-07
-0.005103886,1.78741E-07
-0.005103886,1.78741E-07
-0.005103886,1.78741E-07
-0.005103886,1.78741E-07
-0.005103886,1.78741E-07
-0.005103886,1.78741E-07
-0.005103886,1.78741E-07
-0.005103886,1.78741E-07
-0.005103886,1.78741E-07
-0.005103886,1.78741E-07
-0.005103886,1.78741E-07
-0.005103886,1.78741E-07
-0.005103886,1.78741E-07
-0.005103886,1.78741E-07
-0.005103886,1.78741E-07
0.178046301,1.78741E-07
-0.005103886,1.78741E-07
-0.005103886,1.78741E-07
-0.005103886,1.78741E-07
-0.005103886,1.78741E-07
0.182930306,1.78741E-07
0.019316139,1.78741E-07
-0.005103886,1.78741E-07
-0.005103886,1.78741E-07
-0.005103886,1.78741E-07
-0.005103886,1.78741E-07
-0.005103886,1.78741E-07
-0.005103886,1.78741E-07
-0.005103886,1.78741E-07
-0.005103886,1.78741E-07
-0.005103886,1.78741E-07
-0.005103886,1.78741E-07
-0.005103886,1.78741E-07
-0.005103886,1.78741E-07
-0.005103886,1.78741E-07
-0.005103886,1.78741E-07
-0.005103886,1.78741E-07
-0.005103886,1.78741E-07
-0.005103886,1.78741E-07
-0.005103886,1.78741E-07
-0.005103886,1.78741E-07
-0.005103886,1.78741E-07
-0.005103886,1.78741E-07
-0.005103886,1.78741E-07
-0.005103886,1.78741E-07
-0.005103886,1.78741E-07
-0.005103886,1.78741E-07
-0.005103886,1.78741E-07
-0.005103886,1.78741E-07
-0.005103886,1.78741E-07
-0.005103886,1.78741E-07
-0.005103886,1.78741E-07
-0.005103886,1.78741E-07
-0.005103886,1.78741E-07
-0.005103886,1.78741E-07
-0.005103886,1.78741E-07
-0.005103886,1.78741E-07
-0.005103886,1.78741E-07
-0.005103886,1.78741E-07
-0.005103886,1.78741E-07
-0.005103886,1.78741E-07
-0.005103886,1.78741E-07
-0.005103886,1.78741E-07
-0.005103886,1.78741E-07
-0.005103886,1.78741E-07
-0.005103886,1.78741E-07
-0.005103886,1.78741E-07
-0.005103886,1.78741E-07
-0.005103886,1.78741E-07
-0.005103886,1.78741E-07
-0.005103886,1.78741E-07
-0.005103886,1.78741E-07
-0.005103886,1.78741E-07
-0.005103886,1.78741E-07
-0.005103886,1.78741E-07
-0.005103886,1.78741E-07
-0.005103886,1.78741E-07
-0.005103886,1.78741E-07
-0.005103886,1.78741E-07
-0.005103886,1.78741E-07
-0.005103886,1.78741E-07
-0.005103886,1.78741E-07
-0.005103886,1.78741E-07
-0.005103886,1.78741E-07
-0.005103886,1.78741E-07
-0.005103886,1.78741E-07
-0.005103886,1.78741E-07
-0.005103886,1.78741E-07
-0.005103886,1.78741E-07
-0.005103886,1.78741E-07
-0.005103886,1.78741E-07
-0.005103886,1.78741E-07
-0.005103886,1.78741E-07
-0.005103886,1.78741E-07
-0.005103886,1.78741E-07
-0.005103886,1.78741E-07
-0.005103886,1.78741E-07
-0.005103886,1.78741E-07
-0.005103886,1.78741E-07
-0.005103886,1.78741E-07
-0.005103886,1.78741E-07
-0.005103886,1.78741E-07
-0.005103886,1.78741E-07
-0.005103886,1.78741E-07
-0.005103886,1.78741E-07
-0.005103886,1.78741E-07
-0.005103886,1.78741E-07
-0.005103886,1.78741E-07
-0.005103886,1.78741E-07
-0.005103886,1.78741E-07
-0.005103886,1.78741E-07
-0.005103886,1.78741E-07
-0.005103886,1.78741E-07
-0.005103886,1.78741E-07
-0.005103886,1.78741E-07
-0.005103886,1.78741E-07
-0.005103886,1.78741E-07
-0.005103886,1.78741E-07
-0.005103886,1.78741E-07
-0.005103886,1.78741E-07
-0.005103886,1.78741E-07
-0.005103886,1.78741E-07
-0.005103886,1.78741E-07
-0.005103886,1.78741E-07
-0.005103886,1.78741E-07
-0.005103886,1.78741E-07
-0.005103886,1.78741E-07
-0.005103886,1.78741E-07
-0.005103886,1.78741E-07
-0.005103886,1.78741E-07
-0.005103886,1.78741E-07
-0.005103886,1.78741E-07
-0.005103886,1.78741E-07
-0.005103886,1.78741E-07
-0.005103886,1.78741E-07
-0.005103886,1.78741E-07
-0.005103886,1.78741E-07
-0.005103886,1.78741E-07
-0.005103886,1.78741E-07
-0.005103886,1.78741E-07
-0.005103886,1.78741E-07
-0.005103886,1.78741E-07
-0.005103886,1.78741E-07
-0.005103886,1.78741E-07
-0.005103886,1.78741E-07
-0.005103886,1.78741E-07
-0.005103886,1.78741E-07
-0.005103886,1.78741E-07
0.173162296,1.78741E-07
0.011990131,1.78741E-07
-0.005103886,1.78741E-07
-0.005103886,1.78741E-07
-0.005103886,1.78741E-07
-0.005103886,1.78741E-07
-0.005103886,1.78741E-07
-0.005103886,1.78741E-07
-0.005103886,1.78741E-07
0.124322243,1.78741E-07
0.09990222,1.78741E-07
-0.005103886,1.78741E-07
-0.005103886,1.78741E-07
-0.005103886,1.78741E-07
-0.005103886,1.78741E-07
-0.005103886,1.78741E-07
-0.005103886,1.78741E-07
-0.005103886,1.78741E-07
-0.005103886,1.78741E-07
-0.005103886,1.78741E-07
-0.005103886,1.78741E-07
-0.005103886,1.78741E-07
-0.005103886,1.78741E-07
-0.005103886,1.78741E-07
-0.005103886,1.78741E-07
-0.005103886,1.78741E-07
-0.005103886,1.78741E-07
-0.005103886,1.78741E-07
-0.005103886,1.78741E-07
-0.005103886,1.78741E-07
-0.005103886,1.78741E-07
-0.005103886,1.78741E-07
-0.005103886,1.78741E-07
-0.005103886,1.78741E-07
-0.005103886,1.78741E-07
-0.005103886,1.78741E-07
-0.005103886,1.78741E-07
-0.005103886,1.78741E-07
-0.005103886,1.78741E-07
-0.005103886,1.78741E-07
-0.005103886,1.78741E-07
-0.005103886,1.78741E-07
-0.005103886,1.78741E-07
-0.005103886,1.78741E-07
-0.005103886,1.78741E-07
-0.005103886,1.78741E-07
-0.005103886,1.78741E-07
-0.005103886,1.78741E-07
-0.005103886,1.78741E-07
-0.005103886,1.78741E-07
-0.005103886,1.78741E-07
-0.005103886,1.78741E-07
-0.005103886,1.78741E-07
-0.005103886,1.78741E-07
-0.005103886,1.78741E-07
-0.005103886,1.78741E-07
-0.005103886,1.78741E-07
-0.005103886,1.78741E-07
-0.005103886,1.78741E-07
-0.005103886,1.78741E-07
-0.005103886,1.78741E-07
-0.005103886,1.78741E-07
-0.005103886,1.78741E-07
-0.005103886,1.78741E-07
-0.005103886,1.78741E-07
-0.005103886,1.78741E-07
-0.005103886,1.78741E-07
-0.005103886,1.78741E-07
-0.005103886,1.78741E-07
-0.005103886,1.78741E-07
-0.005103886,1.78741E-07
-0.005103886,1.78741E-07
-0.005103886,1.78741E-07
-0.005103886,1.78741E-07
-0.005103886,1.78741E-07
-0.005103886,1.78741E-07
-0.005103886,1.78741E-07
-0.005103886,1.78741E-07
-0.005103886,1.78741E-07
-0.005103886,1.78741E-07
-0.005103886,1.78741E-07
-0.005103886,1.78741E-07
-0.005103886,1.78741E-07
-0.005103886,1.78741E-07
-0.005103886,1.78741E-07
-0.005103886,1.78741E-07
-0.005103886,1.78741E-07
-0.005103886,1.78741E-07
-0.005103886,1.78741E-07
-0.005103886,1.78741E-07
-0.005103886,1.78741E-07
-0.005103886,1.78741E-07
-0.005103886,1.78741E-07
-0.005103886,1.78741E-07
0.175604299,1.78741E-07
-0.005103886,1.78741E-07
-0.005103886,1.78741E-07
-0.005103886,1.78741E-07
-0.005103886,1.78741E-07
-0.005103886,1.78741E-07
-0.005103886,1.78741E-07
-0.005103886,1.78741E-07
-0.005103886,1.78741E-07
-0.005103886,1.78741E-07
-0.005103886,1.78741E-07
0.095018215,1.78741E-07
0.121880241,1.78741E-07
-0.005103886,1.78741E-07
-0.005103886,1.78741E-07
-0.005103886,1.78741E-07
-0.005103886,1.78741E-07
-0.005103886,1.78741E-07
-0.005103886,1.78741E-07
-0.005103886,1.78741E-07
-0.005103886,1.78741E-07
-0.005103886,1.78741E-07
-0.005103886,1.78741E-07
-0.005103886,1.78741E-07
-0.005103886,1.78741E-07
-0.005103886,1.78741E-07
-0.005103886,1.78741E-07
-0.005103886,1.78741E-07
-0.005103886,1.78741E-07
-0.005103886,1.78741E-07
-0.005103886,1.78741E-07
-0.005103886,1.78741E-07
-0.005103886,1.78741E-07
-0.005103886,1.78741E-07
-0.005103886,1.78741E-07
-0.005103886,1.78741E-07
-0.005103886,1.78741E-07
-0.005103886,1.78741E-07
-0.005103886,1.78741E-07
-0.005103886,1.78741E-07
-0.005103886,1.78741E-07
-0.005103886,1.78741E-07
-0.005103886,1.78741E-07
-0.005103886,1.78741E-07
-0.005103886,1.78741E-07
-0.005103886,1.78741E-07
-0.005103886,1.78741E-07
-0.005103886,1.78741E-07
-0.005103886,1.78741E-07
-0.005103886,1.78741E-07
-0.005103886,1.78741E-07
-0.005103886,1.78741E-07
-0.005103886,1.78741E-07
-0.005103886,1.78741E-07
-0.005103886,1.78741E-07
-0.005103886,1.78741E-07
-0.005103886,1.78741E-07
-0.005103886,1.78741E-07
-0.005103886,1.78741E-07
-0.005103886,1.78741E-07
-0.005103886,1.78741E-07
-0.005103886,1.78741E-07
-0.005103886,1.78741E-07
-0.005103886,1.78741E-07
-0.005103886,1.78741E-07
-0.005103886,1.78741E-07
0.178046301,1.78741E-07
0.004664124,1.78741E-07
-0.005103886,1.78741E-07
-0.005103886,1.78741E-07
-0.005103886,1.78741E-07
-0.005103886,1.78741E-07
-0.005103886,1.78741E-07
-0.005103886,1.78741E-07
-0.005103886,1.78741E-07
-0.005103886,1.78741E-07
-0.005103886,1.78741E-07
-0.005103886,1.78741E-07
-0.005103886,1.78741E-07
-0.005103886,1.78741E-07
-0.005103886,1.78741E-07
-0.005103886,1.78741E-07
0.136532262,1.78741E-07
0.085250206,1.78741E-07
-0.005103886,1.78741E-07
-0.005103886,1.78741E-07
-0.005103886,1.78741E-07
-0.005103886,1.78741E-07
-0.005103886,1.78741E-07
-0.005103886,1.78741E-07
-0.005103886,1.78741E-07
-0.005103886,1.78741E-07
-0.005103886,1.78741E-07
-0.005103886,1.78741E-07
-0.005103886,1.78741E-07
-0.005103886,1.78741E-07
-0.005103886,1.78741E-07
-0.005103886,1.78741E-07
-0.005103886,1.78741E-07
-0.005103886,1.78741E-07
-0.005103886,1.78741E-07
-0.005103886,1.78741E-07
-0.005103886,1.78741E-07
-0.005103886,1.78741E-07
-0.005103886,1.78741E-07
-0.005103886,1.78741E-07
-0.005103886,1.78741E-07
-0.005103886,1.78741E-07
-0.005103886,1.78741E-07
-0.005103886,1.78741E-07
-0.005103886,1.78741E-07
-0.005103886,1.78741E-07
-0.005103886,1.78741E-07
-0.005103886,1.78741E-07
-0.005103886,1.78741E-07
-0.005103886,1.78741E-07
-0.005103886,1.78741E-07
-0.005103886,1.78741E-07
-0.005103886,1.78741E-07
-0.005103886,1.78741E-07
-0.005103886,1.78741E-07
-0.005103886,1.78741E-07
-0.005103886,1.78741E-07
-0.005103886,1.78741E-07
-0.005103886,1.78741E-07
-0.005103886,1.78741E-07
-0.005103886,1.78741E-07
-0.005103886,1.78741E-07
-0.005103886,1.78741E-07
-0.005103886,1.78741E-07
-0.005103886,1.78741E-07
-0.005103886,1.78741E-07
-0.005103886,1.78741E-07
-0.005103886,1.78741E-07
-0.005103886,1.78741E-07
-0.005103886,1.78741E-07
-0.005103886,1.78741E-07
0.178046301,1.78741E-07
-0.005103886,1.78741E-07
-0.005103886,1.78741E-07
-0.005103886,1.78741E-07
-0.005103886,1.78741E-07
-0.005103886,1.78741E-07
-0.005103886,1.78741E-07
-0.005103886,1.78741E-07
-0.005103886,1.78741E-07
-0.005103886,1.78741E-07
-0.005103886,1.78741E-07
0.129206255,1.78741E-07
0.092576213,1.78741E-07
-0.005103886,1.78741E-07
-0.005103886,1.78741E-07
-0.005103886,1.78741E-07
-0.005103886,1.78741E-07
-0.005103886,1.78741E-07
-0.005103886,1.78741E-07
-0.005103886,1.78741E-07
-0.005103886,1.78741E-07
-0.005103886,1.78741E-07
-0.005103886,1.78741E-07
-0.005103886,1.78741E-07
-0.005103886,1.78741E-07
-0.005103886,1.78741E-07
-0.005103886,1.78741E-07
-0.005103886,1.78741E-07
-0.005103886,1.78741E-07
-0.005103886,1.78741E-07
-0.005103886,1.78741E-07
-0.005103886,1.78741E-07
-0.005103886,1.78741E-07
-0.005103886,1.78741E-07
-0.005103886,1.78741E-07
-0.005103886,1.78741E-07
-0.005103886,1.78741E-07
-0.005103886,1.78741E-07
-0.005103886,1.78741E-07
-0.005103886,1.78741E-07
-0.005103886,1.78741E-07
-0.005103886,1.78741E-07
-0.005103886,1.78741E-07
-0.005103886,1.78741E-07
-0.005103886,1.78741E-07
-0.005103886,1.78741E-07
-0.005103886,1.78741E-07
-0.005103886,1.78741E-07
-0.005103886,1.78741E-07
-0.005103886,1.78741E-07
-0.005103886,1.78741E-07
-0.005103886,1.78741E-07
-0.005103886,1.78741E-07
-0.005103886,1.78741E-07
-0.005103886,1.78741E-07
-0.005103886,1.78741E-07
-0.005103886,1.78741E-07
-0.005103886,1.78741E-07
-0.005103886,1.78741E-07
-0.005103886,1.78741E-07
-0.005103886,1.78741E-07
-0.005103886,1.78741E-07
-0.005103886,1.78741E-07
-0.005103886,1.78741E-07
-0.005103886,1.78741E-07
-0.005103886,1.78741E-07
-0.005103886,1.78741E-07
-0.005103886,1.78741E-07
-0.005103886,1.78741E-07
-0.005103886,1.78741E-07
0.180488303,1.78741E-07
-0.005103886,1.78741E-07
-0.005103886,1.78741E-07
-0.005103886,1.78741E-07
-0.005103886,1.78741E-07
-0.005103886,1.78741E-07
0.173162296,1.78741E-07
-0.005103886,1.78741E-07
-0.005103886,1.78741E-07
-0.005103886,1.78741E-07
-0.005103886,1.78741E-07
-0.005103886,1.78741E-07
-0.005103886,1.78741E-07
-0.005103886,1.78741E-07
-0.005103886,1.78741E-07
-0.005103886,1.78741E-07
-0.005103886,1.78741E-07
-0.005103886,1.78741E-07
-0.005103886,1.78741E-07
-0.005103886,1.78741E-07
-0.005103886,1.78741E-07
-0.005103886,1.78741E-07
-0.005103886,1.78741E-07
-0.005103886,1.78741E-07
-0.005103886,1.78741E-07
-0.005103886,1.78741E-07
-0.005103886,1.78741E-07
-0.005103886,1.78741E-07
-0.005103886,1.78741E-07
-0.005103886,1.78741E-07
-0.005103886,1.78741E-07
-0.005103886,1.78741E-07
-0.005103886,1.78741E-07
-0.005103886,1.78741E-07
-0.005103886,1.78741E-07
-0.005103886,1.78741E-07
-0.005103886,1.78741E-07
-0.005103886,1.78741E-07
-0.005103886,1.78741E-07
-0.005103886,1.78741E-07
-0.005103886,1.78741E-07
-0.005103886,1.78741E-07
-0.005103886,1.78741E-07
-0.005103886,1.78741E-07
-0.005103886,1.78741E-07
-0.005103886,1.78741E-07
-0.005103886,1.78741E-07
-0.005103886,1.78741E-07
-0.005103886,1.78741E-07
-0.005103886,1.78741E-07
-0.005103886,1.78741E-07
-0.005103886,1.78741E-07
-0.005103886,1.78741E-07
-0.005103886,1.78741E-07
-0.005103886,1.78741E-07
-0.005103886,1.78741E-07
-0.005103886,1.78741E-07
-0.005103886,1.78741E-07
-0.005103886,1.78741E-07
-0.005103886,1.78741E-07
-0.005103886,1.78741E-07
-0.005103886,1.78741E-07
-0.005103886,1.78741E-07
-0.005103886,1.78741E-07
-0.005103886,1.78741E-07
-0.005103886,1.78741E-07
-0.005103886,1.78741E-07
-0.005103886,1.78741E-07
-0.005103886,1.78741E-07
-0.005103886,1.78741E-07
-0.005103886,1.78741E-07
-0.005103886,1.78741E-07
-0.005103886,1.78741E-07
-0.005103886,1.78741E-07
-0.005103886,1.78741E-07
-0.005103886,1.78741E-07
-0.005103886,1.78741E-07
-0.005103886,1.78741E-07
-0.005103886,1.78741E-07
-0.005103886,1.78741E-07
-0.005103886,1.78741E-07
-0.005103886,1.78741E-07
-0.005103886,1.78741E-07
-0.005103886,1.78741E-07
-0.005103886,1.78741E-07
-0.005103886,1.78741E-07
-0.005103886,1.78741E-07
-0.005103886,1.78741E-07
-0.005103886,1.78741E-07
-0.005103886,1.78741E-07
-0.005103886,1.78741E-07
-0.005103886,1.78741E-07
-0.005103886,1.78741E-07
-0.005103886,1.78741E-07
-0.005103886,1.78741E-07
-0.005103886,1.78741E-07
-0.005103886,1.78741E-07
-0.005103886,1.78741E-07
0.160952285,1.78741E-07
0.058388177,1.78741E-07
-0.005103886,1.78741E-07
-0.005103886,1.78741E-07
-0.005103886,1.78741E-07
-0.005103886,1.78741E-07
-0.005103886,1.78741E-07
-0.005103886,1.78741E-07
0.141416267,1.78741E-07
0.082808204,1.78741E-07
-0.005103886,1.78741E-07
-0.005103886,1.78741E-07
-0.005103886,1.78741E-07
-0.005103886,1.78741E-07
-0.005103886,1.78741E-07
-0.005103886,1.78741E-07
-0.005103886,1.78741E-07
-0.005103886,1.78741E-07
-0.005103886,1.78741E-07
-0.005103886,1.78741E-07
-0.005103886,1.78741E-07
-0.005103886,1.78741E-07
-0.005103886,1.78741E-07
-0.005103886,1.78741E-07
-0.005103886,1.78741E-07
-0.005103886,1.78741E-07
-0.005103886,1.78741E-07
-0.005103886,1.78741E-07
-0.005103886,1.78741E-07
-0.005103886,1.78741E-07
-0.005103886,1.78741E-07
-0.005103886,1.78741E-07
-0.005103886,1.78741E-07
-0.005103886,1.78741E-07
-0.005103886,1.78741E-07
-0.005103886,1.78741E-07
-0.005103886,1.78741E-07
-0.005103886,1.78741E-07
-0.005103886,1.78741E-07
-0.005103886,1.78741E-07
-0.005103886,1.78741E-07
-0.005103886,1.78741E-07
-0.005103886,1.78741E-07
-0.005103886,1.78741E-07
-0.005103886,1.78741E-07
-0.005103886,1.78741E-07
-0.005103886,1.78741E-07
-0.005103886,1.78741E-07
-0.005103886,1.78741E-07
-0.005103886,1.78741E-07
-0.005103886,1.78741E-07
-0.005103886,1.78741E-07
-0.005103886,1.78741E-07
-0.005103886,1.78741E-07
-0.005103886,1.78741E-07
-0.005103886,1.78741E-07
-0.005103886,1.78741E-07
-0.005103886,1.78741E-07
-0.005103886,1.78741E-07
-0.005103886,1.78741E-07
-0.005103886,1.78741E-07
-0.005103886,1.78741E-07
-0.005103886,1.78741E-07
-0.005103886,1.78741E-07
-0.005103886,1.78741E-07
-0.005103886,1.78741E-07
-0.005103886,1.78741E-07
-0.005103886,1.78741E-07
-0.005103886,1.78741E-07
-0.005103886,1.78741E-07
-0.005103886,1.78741E-07
-0.005103886,1.78741E-07
-0.005103886,1.78741E-07
-0.005103886,1.78741E-07
-0.005103886,1.78741E-07
-0.005103886,1.78741E-07
-0.005103886,1.78741E-07
-0.005103886,1.78741E-07
-0.005103886,1.78741E-07
-0.005103886,1.78741E-07
-0.005103886,1.78741E-07
-0.005103886,1.78741E-07
-0.005103886,1.78741E-07
-0.005103886,1.78741E-07
-0.005103886,1.78741E-07
-0.005103886,1.78741E-07
-0.005103886,1.78741E-07
-0.005103886,1.78741E-07
-0.005103886,1.78741E-07
-0.005103886,1.78741E-07
-0.005103886,1.78741E-07
-0.005103886,1.78741E-07
-0.005103886,1.78741E-07
-0.005103886,1.78741E-07
-0.005103886,1.78741E-07
0.06815619,1.78741E-07
0.138974264,1.78741E-07
-0.005103886,1.78741E-07
-0.005103886,1.78741E-07
-0.005103886,1.78741E-07
-0.005103886,1.78741E-07
-0.005103886,1.78741E-07
-0.005103886,1.78741E-07
-0.005103886,1.78741E-07
-0.005103886,1.78741E-07
0.05106217,1.78741E-07
0.146300271,1.78741E-07
-0.005103886,1.78741E-07
-0.005103886,1.78741E-07
-0.005103886,1.78741E-07
-0.005103886,1.78741E-07
-0.005103886,1.78741E-07
-0.005103886,1.78741E-07
-0.005103886,1.78741E-07
-0.005103886,1.78741E-07
-0.005103886,1.78741E-07
-0.005103886,1.78741E-07
-0.005103886,1.78741E-07
-0.005103886,1.78741E-07
-0.005103886,1.78741E-07
-0.005103886,1.78741E-07
-0.005103886,1.78741E-07
-0.005103886,1.78741E-07
-0.005103886,1.78741E-07
-0.005103886,1.78741E-07
-0.005103886,1.78741E-07
-0.005103886,1.78741E-07
-0.005103886,1.78741E-07
-0.005103886,1.78741E-07
-0.005103886,1.78741E-07
-0.005103886,1.78741E-07
-0.005103886,1.78741E-07
-0.005103886,1.78741E-07
-0.005103886,1.78741E-07
-0.005103886,1.78741E-07
-0.005103886,1.78741E-07
-0.005103886,1.78741E-07
-0.005103886,1.78741E-07
-0.005103886,1.78741E-07
-0.005103886,1.78741E-07
-0.005103886,1.78741E-07
-0.005103886,1.78741E-07
-0.005103886,1.78741E-07
-0.005103886,1.78741E-07
-0.005103886,1.78741E-07
-0.005103886,1.78741E-07
-0.005103886,1.78741E-07
-0.005103886,1.78741E-07
-0.005103886,1.78741E-07
-0.005103886,1.78741E-07
-0.005103886,1.78741E-07
-0.005103886,1.78741E-07
-0.005103886,1.78741E-07
-0.005103886,1.78741E-07
-0.005103886,1.78741E-07
-0.005103886,1.78741E-07
-0.005103886,1.78741E-07
-0.005103886,1.78741E-07
-0.005103886,1.78741E-07
0.080366202,1.78741E-07
0.131648257,1.78741E-07
-0.005103886,1.78741E-07
-0.005103886,1.78741E-07
-0.005103886,1.78741E-07
-0.005103886,1.78741E-07
-0.005103886,1.78741E-07
-0.005103886,1.78741E-07
-0.005103886,1.78741E-07
-0.005103886,1.78741E-07
-0.005103886,1.78741E-07
-0.005103886,1.78741E-07
-0.005103886,1.78741E-07
-0.005103886,1.78741E-07
-0.005103886,1.78741E-07
-0.005103886,1.78741E-07
-0.005103886,1.78741E-07
0.138974264,1.78741E-07
0.121880241,1.78741E-07
-0.005103886,1.78741E-07
-0.005103886,1.78741E-07
-0.005103886,1.78741E-07
-0.005103886,1.78741E-07
-0.005103886,1.78741E-07
-0.005103886,1.78741E-07
-0.005103886,1.78741E-07
-0.005103886,1.78741E-07
-0.005103886,1.78741E-07
-0.005103886,1.78741E-07
-0.005103886,1.78741E-07
-0.005103886,1.78741E-07
-0.005103886,1.78741E-07
-0.005103886,1.78741E-07
-0.005103886,1.78741E-07
-0.005103886,1.78741E-07
-0.005103886,1.78741E-07
-0.005103886,1.78741E-07
-0.005103886,1.78741E-07
-0.005103886,1.78741E-07
-0.005103886,1.78741E-07
-0.005103886,1.78741E-07
-0.005103886,1.78741E-07
-0.005103886,1.78741E-07
-0.005103886,1.78741E-07
-0.005103886,1.78741E-07
-0.005103886,1.78741E-07
-0.005103886,1.78741E-07
-0.005103886,1.78741E-07
-0.005103886,1.78741E-07
-0.005103886,1.78741E-07
-0.005103886,1.78741E-07
-0.005103886,1.78741E-07
-0.005103886,1.78741E-07
-0.005103886,1.78741E-07
-0.005103886,1.78741E-07
-0.005103886,1.78741E-07
-0.005103886,1.78741E-07
-0.005103886,1.78741E-07
-0.005103886,1.78741E-07
-0.005103886,1.78741E-07
-0.005103886,1.78741E-07
-0.005103886,1.78741E-07
-0.005103886,1.78741E-07
-0.005103886,1.78741E-07
-0.005103886,1.78741E-07
-0.005103886,1.78741E-07
-0.005103886,1.78741E-07
-0.005103886,1.78741E-07
-0.005103886,1.78741E-07
-0.005103886,1.78741E-07
-0.005103886,1.78741E-07
0.180488303,1.78741E-07
-0.002661884,1.78741E-07
-0.005103886,1.78741E-07
-0.005103886,1.78741E-07
-0.005103886,1.78741E-07
-0.005103886,1.78741E-07
-0.005103886,1.78741E-07
-0.005103886,1.78741E-07
-0.005103886,1.78741E-07
-0.005103886,1.78741E-07
-0.005103886,1.78741E-07
-0.005103886,1.78741E-07
-0.005103886,1.78741E-07
-0.005103886,1.78741E-07
-0.005103886,1.78741E-07
0.175604299,1.78741E-07
-0.005103886,1.78741E-07
-0.005103886,1.78741E-07
-0.005103886,1.78741E-07
-0.005103886,1.78741E-07
-0.005103886,1.78741E-07
-0.005103886,1.78741E-07
-0.005103886,1.78741E-07
-0.005103886,1.78741E-07
-0.005103886,1.78741E-07
-0.005103886,1.78741E-07
-0.005103886,1.78741E-07
-0.005103886,1.78741E-07
-0.005103886,1.78741E-07
-0.005103886,1.78741E-07
-0.005103886,1.78741E-07
-0.005103886,1.78741E-07
-0.005103886,1.78741E-07
-0.005103886,1.78741E-07
-0.005103886,1.78741E-07
-0.005103886,1.78741E-07
-0.005103886,1.78741E-07
-0.005103886,1.78741E-07
-0.005103886,1.78741E-07
-0.005103886,1.78741E-07
-0.005103886,1.78741E-07
-0.005103886,1.78741E-07
-0.005103886,1.78741E-07
-0.005103886,1.78741E-07
-0.005103886,1.78741E-07
-0.005103886,1.78741E-07
-0.005103886,1.78741E-07
-0.005103886,1.78741E-07
-0.005103886,1.78741E-07
-0.005103886,1.78741E-07
-0.005103886,1.78741E-07
-0.005103886,1.78741E-07
-0.005103886,1.78741E-07
-0.005103886,1.78741E-07
-0.005103886,1.78741E-07
-0.005103886,1.78741E-07
-0.005103886,1.78741E-07
-0.005103886,1.78741E-07
-0.005103886,1.78741E-07
-0.005103886,1.78741E-07
-0.005103886,1.78741E-07
-0.005103886,1.78741E-07
-0.005103886,1.78741E-07
-0.005103886,1.78741E-07
-0.005103886,1.78741E-07
-0.005103886,1.78741E-07
-0.005103886,1.78741E-07
-0.005103886,1.78741E-07
0.168278292,1.78741E-07
-0.005103886,1.78741E-07
-0.005103886,1.78741E-07
-0.005103886,1.78741E-07
-0.005103886,1.78741E-07
-0.005103886,1.78741E-07
-0.005103886,1.78741E-07
-0.005103886,1.78741E-07
-0.005103886,1.78741E-07
-0.005103886,1.78741E-07
-0.005103886,1.78741E-07
-0.005103886,1.78741E-07
-0.005103886,1.78741E-07
-0.005103886,1.78741E-07
0.014432133,1.78741E-07
0.15606828,1.78741E-07
-0.005103886,1.78741E-07
-0.005103886,1.78741E-07
-0.005103886,1.78741E-07
-0.005103886,1.78741E-07
-0.005103886,1.78741E-07
-0.005103886,1.78741E-07
-0.005103886,1.78741E-07
-0.005103886,1.78741E-07
-0.005103886,1.78741E-07
-0.005103886,1.78741E-07
-0.005103886,1.78741E-07
-0.005103886,1.78741E-07
-0.005103886,1.78741E-07
-0.005103886,1.78741E-07
-0.005103886,1.78741E-07
-0.005103886,1.78741E-07
-0.005103886,1.78741E-07
-0.005103886,1.78741E-07
-0.005103886,1.78741E-07
-0.005103886,1.78741E-07
-0.005103886,1.78741E-07
-0.005103886,1.78741E-07
-0.005103886,1.78741E-07
-0.005103886,1.78741E-07
-0.005103886,1.78741E-07
-0.005103886,1.78741E-07
-0.005103886,1.78741E-07
-0.005103886,1.78741E-07
-0.005103886,1.78741E-07
-0.005103886,1.78741E-07
-0.005103886,1.78741E-07
-0.005103886,1.78741E-07
-0.005103886,1.78741E-07
-0.005103886,1.78741E-07
-0.005103886,1.78741E-07
-0.005103886,1.78741E-07
-0.005103886,1.78741E-07
-0.005103886,1.78741E-07
-0.005103886,1.78741E-07
-0.005103886,1.78741E-07
-0.005103886,1.78741E-07
-0.005103886,1.78741E-07
-0.005103886,1.78741E-07
-0.005103886,1.78741E-07
-0.005103886,1.78741E-07
-0.005103886,1.78741E-07
-0.005103886,1.78741E-07
-0.005103886,1.78741E-07
-0.005103886,1.78741E-07
-0.005103886,1.78741E-07
-0.005103886,1.78741E-07
-0.005103886,1.78741E-07
-0.005103886,1.78741E-07
-0.005103886,1.78741E-07
-0.005103886,1.78741E-07
0.075482197,1.78741E-07
0.163394287,1.78741E-07
-0.005103886,1.78741E-07
-0.005103886,1.78741E-07
-0.005103886,1.78741E-07
-0.005103886,1.78741E-07
-0.005103886,1.78741E-07
-0.005103886,1.78741E-07
-0.005103886,1.78741E-07
-0.005103886,1.78741E-07
0.197582319,1.78741E-07
0.016874136,1.78741E-07
-0.005103886,1.78741E-07
-0.005103886,1.78741E-07
-0.005103886,1.78741E-07
-0.005103886,1.78741E-07
-0.005103886,1.78741E-07
-0.005103886,1.78741E-07
-0.005103886,1.78741E-07
-0.005103886,1.78741E-07
-0.005103886,1.78741E-07
-0.005103886,1.78741E-07
-0.005103886,1.78741E-07
-0.005103886,1.78741E-07
-0.005103886,1.78741E-07
-0.005103886,1.78741E-07
-0.005103886,1.78741E-07
-0.005103886,1.78741E-07
-0.005103886,1.78741E-07
-0.005103886,1.78741E-07
-0.005103886,1.78741E-07
-0.005103886,1.78741E-07
-0.005103886,1.78741E-07
-0.005103886,1.78741E-07
-0.005103886,1.78741E-07
-0.005103886,1.78741E-07
-0.005103886,1.78741E-07
-0.005103886,1.78741E-07
-0.005103886,1.78741E-07
-0.005103886,1.78741E-07
-0.005103886,1.78741E-07
-0.005103886,1.78741E-07
-0.005103886,1.78741E-07
-0.005103886,1.78741E-07
-0.005103886,1.78741E-07
-0.005103886,1.78741E-07
-0.005103886,1.78741E-07
-0.005103886,1.78741E-07
-0.005103886,1.78741E-07
-0.005103886,1.78741E-07
-0.005103886,1.78741E-07
-0.005103886,1.78741E-07
-0.005103886,1.78741E-07
-0.005103886,1.78741E-07
-0.005103886,1.78741E-07
-0.005103886,1.78741E-07
-0.005103886,1.78741E-07
-0.005103886,1.78741E-07
-0.005103886,1.78741E-07
-0.005103886,1.78741E-07
-0.005103886,1.78741E-07
-0.005103886,1.78741E-07
-0.005103886,1.78741E-07
-0.005103886,1.78741E-07
-0.005103886,1.78741E-07
-0.005103886,1.78741E-07
-0.005103886,1.78741E-07
-0.005103886,1.78741E-07
-0.005103886,1.78741E-07
-0.005103886,1.78741E-07
-0.005103886,1.78741E-07
-0.005103886,1.78741E-07
-0.005103886,1.78741E-07
-0.005103886,1.78741E-07
-0.005103886,1.78741E-07
-0.005103886,1.78741E-07
-0.005103886,1.78741E-07
-0.005103886,1.78741E-07
-0.005103886,1.78741E-07
-0.005103886,1.78741E-07
-0.005103886,1.78741E-07
-0.005103886,1.78741E-07
-0.005103886,1.78741E-07
-0.005103886,1.78741E-07
-0.005103886,1.78741E-07
-0.005103886,1.78741E-07
-0.005103886,1.78741E-07
-0.005103886,1.78741E-07
-0.005103886,1.78741E-07
-0.005103886,1.78741E-07
-0.005103886,1.78741E-07
-0.005103886,1.78741E-07
-0.005103886,1.78741E-07
-0.005103886,1.78741E-07
-0.005103886,1.78741E-07
-0.005103886,1.78741E-07
0.138974264,1.78741E-07
0.121880241,1.78741E-07
-0.005103886,1.78741E-07
-0.005103886,1.78741E-07
-0.005103886,1.78741E-07
-0.005103886,1.78741E-07
-0.005103886,1.78741E-07
-0.005103886,1.78741E-07
-0.005103886,1.78741E-07
-0.005103886,1.78741E-07
-0.005103886,1.78741E-07
-0.005103886,1.78741E-07
0.092576213,1.78741E-07
0.153626278,1.78741E-07
-0.005103886,1.78741E-07
-0.005103886,1.78741E-07
-0.005103886,1.78741E-07
-0.005103886,1.78741E-07
-0.005103886,1.78741E-07
-0.005103886,1.78741E-07
-0.005103886,1.78741E-07
-0.005103886,1.78741E-07
-0.005103886,1.78741E-07
-0.005103886,1.78741E-07
-0.005103886,1.78741E-07
-0.005103886,1.78741E-07
-0.005103886,1.78741E-07
-0.005103886,1.78741E-07
-0.005103886,1.78741E-07
-0.005103886,1.78741E-07
-0.005103886,1.78741E-07
-0.005103886,1.78741E-07
-0.005103886,1.78741E-07
-0.005103886,1.78741E-07
-0.005103886,1.78741E-07
-0.005103886,1.78741E-07
-0.005103886,1.78741E-07
-0.005103886,1.78741E-07
-0.005103886,1.78741E-07
-0.005103886,1.78741E-07
-0.005103886,1.78741E-07
-0.005103886,1.78741E-07
-0.005103886,1.78741E-07
-0.005103886,1.78741E-07
-0.005103886,1.78741E-07
-0.005103886,1.78741E-07
-0.005103886,1.78741E-07
-0.005103886,1.78741E-07
-0.005103886,1.78741E-07
-0.005103886,1.78741E-07
-0.005103886,1.78741E-07
-0.005103886,1.78741E-07
-0.005103886,1.78741E-07
-0.005103886,1.78741E-07
-0.005103886,1.78741E-07
-0.005103886,1.78741E-07
-0.005103886,1.78741E-07
-0.005103886,1.78741E-07
-0.005103886,1.78741E-07
-0.005103886,1.78741E-07
-0.005103886,1.78741E-07
-0.005103886,1.78741E-07
-0.005103886,1.78741E-07
-0.005103886,1.78741E-07
-0.005103886,1.78741E-07
-0.005103886,1.78741E-07
-0.005103886,1.78741E-07
-0.005103886,1.78741E-07
-0.005103886,1.78741E-07
-0.005103886,1.78741E-07
-0.005103886,1.78741E-07
-0.005103886,1.78741E-07
-0.005103886,1.78741E-07
-0.005103886,1.78741E-07
-0.005103886,1.78741E-07
-0.005103886,1.78741E-07
-0.005103886,1.78741E-07
-0.005103886,1.78741E-07
-0.005103886,1.78741E-07
-0.005103886,1.78741E-07
-0.005103886,1.78741E-07
-0.005103886,1.78741E-07
-0.005103886,1.78741E-07
-0.005103886,1.78741E-07
-0.005103886,1.78741E-07
-0.005103886,1.78741E-07
-0.005103886,1.78741E-07
-0.005103886,1.78741E-07
-0.005103886,1.78741E-07
-0.005103886,1.78741E-07
-0.005103886,1.78741E-07
-0.005103886,1.78741E-07
-0.005103886,1.78741E-07
-0.005103886,1.78741E-07
-0.005103886,1.78741E-07
-0.005103886,1.78741E-07
-0.005103886,1.78741E-07
-0.005103886,1.78741E-07
-0.005103886,1.78741E-07
-0.005103886,1.78741E-07
-0.005103886,1.78741E-07
-0.005103886,1.78741E-07
-0.005103886,1.78741E-07
-0.005103886,1.78741E-07
-0.005103886,1.78741E-07
-0.005103886,1.78741E-07
-0.005103886,1.78741E-07
-0.005103886,1.78741E-07
-0.005103886,1.78741E-07
-0.005103886,1.78741E-07
-0.005103886,1.78741E-07
-0.005103886,1.78741E-07
-0.005103886,1.78741E-07
-0.005103886,1.78741E-07
-0.005103886,1.78741E-07
-0.005103886,1.78741E-07
-0.005103886,1.78741E-07
-0.005103886,1.78741E-07
-0.005103886,1.78741E-07
-0.005103886,1.78741E-07
-0.005103886,1.78741E-07
-0.005103886,1.78741E-07
-0.005103886,1.78741E-07
-0.005103886,1.78741E-07
-0.005103886,1.78741E-07
-0.005103886,1.78741E-07
-0.005103886,1.78741E-07
-0.005103886,1.78741E-07
-0.005103886,1.78741E-07
-0.005103886,1.78741E-07
-0.005103886,1.78741E-07
-0.005103886,1.78741E-07
-0.005103886,1.78741E-07
-0.005103886,1.78741E-07
-0.005103886,1.78741E-07
-0.005103886,1.78741E-07
-0.005103886,1.78741E-07
-0.005103886,1.78741E-07
-0.005103886,1.78741E-07
-0.005103886,1.78741E-07
-0.005103886,1.78741E-07
-0.005103886,1.78741E-07
-0.005103886,1.78741E-07
-0.005103886,1.78741E-07
-0.005103886,1.78741E-07
-0.005103886,1.78741E-07
-0.005103886,1.78741E-07
-0.005103886,1.78741E-07
-0.005103886,1.78741E-07
-0.005103886,1.78741E-07
-0.005103886,1.78741E-07
-0.005103886,1.78741E-07
-0.005103886,1.78741E-07
-0.005103886,1.78741E-07
-0.005103886,1.78741E-07
-0.005103886,1.78741E-07
-0.005103886,1.78741E-07
-0.005103886,1.78741E-07
-0.005103886,1.78741E-07
-0.005103886,1.78741E-07
-0.005103886,1.78741E-07
-0.005103886,1.78741E-07
-0.005103886,1.78741E-07
-0.005103886,1.78741E-07
-0.005103886,1.78741E-07
-0.005103886,1.78741E-07
-0.005103886,1.78741E-07
-0.005103886,1.78741E-07
-0.005103886,1.78741E-07
0.178046301,1.78741E-07
-0.000219881,1.78741E-07
-0.005103886,1.78741E-07
-0.005103886,1.78741E-07
-0.005103886,1.78741E-07
-0.005103886,1.78741E-07
0.097460218,1.78741E-07
0.119438238,1.78741E-07
-0.005103886,1.78741E-07
-0.005103886,1.78741E-07
-0.005103886,1.78741E-07
-0.005103886,1.78741E-07
-0.005103886,1.78741E-07
-0.005103886,1.78741E-07
-0.005103886,1.78741E-07
-0.005103886,1.78741E-07
-0.005103886,1.78741E-07
-0.005103886,1.78741E-07
-0.005103886,1.78741E-07
-0.005103886,1.78741E-07
-0.005103886,1.78741E-07
-0.005103886,1.78741E-07
-0.005103886,1.78741E-07
-0.005103886,1.78741E-07
-0.005103886,1.78741E-07
-0.005103886,1.78741E-07
-0.005103886,1.78741E-07
-0.005103886,1.78741E-07
-0.005103886,1.78741E-07
-0.005103886,1.78741E-07
-0.005103886,1.78741E-07
-0.005103886,1.78741E-07
-0.005103886,1.78741E-07
-0.005103886,1.78741E-07
-0.005103886,1.78741E-07
-0.005103886,1.78741E-07
-0.005103886,1.78741E-07
-0.005103886,1.78741E-07
-0.005103886,1.78741E-07
-0.005103886,1.78741E-07
-0.005103886,1.78741E-07
-0.005103886,1.78741E-07
-0.005103886,1.78741E-07
-0.005103886,1.78741E-07
-0.005103886,1.78741E-07
-0.005103886,1.78741E-07
-0.005103886,1.78741E-07
-0.005103886,1.78741E-07
-0.005103886,1.78741E-07
-0.005103886,1.78741E-07
-0.005103886,1.78741E-07
-0.005103886,1.78741E-07
-0.005103886,1.78741E-07
-0.005103886,1.78741E-07
-0.005103886,1.78741E-07
-0.005103886,1.78741E-07
-0.005103886,1.78741E-07
-0.005103886,1.78741E-07
-0.005103886,1.78741E-07
-0.005103886,1.78741E-07
-0.005103886,1.78741E-07
0.077924199,1.78741E-07
0.131648257,1.78741E-07
-0.005103886,1.78741E-07
-0.005103886,1.78741E-07
-0.005103886,1.78741E-07
-0.005103886,1.78741E-07
-0.005103886,1.78741E-07
-0.005103886,1.78741E-07
-0.005103886,1.78741E-07
-0.005103886,1.78741E-07
-0.005103886,1.78741E-07
-0.005103886,1.78741E-07
-0.005103886,1.78741E-07
-0.005103886,1.78741E-07
-0.005103886,1.78741E-07
-0.005103886,1.78741E-07
0.173162296,1.78741E-07
-0.005103886,1.78741E-07
-0.005103886,1.78741E-07
-0.005103886,1.78741E-07
-0.005103886,1.78741E-07
-0.005103886,1.78741E-07
-0.005103886,1.78741E-07
-0.005103886,1.78741E-07
-0.005103886,1.78741E-07
-0.005103886,1.78741E-07
-0.005103886,1.78741E-07
-0.005103886,1.78741E-07
-0.005103886,1.78741E-07
-0.005103886,1.78741E-07
-0.005103886,1.78741E-07
-0.005103886,1.78741E-07
-0.005103886,1.78741E-07
-0.005103886,1.78741E-07
-0.005103886,1.78741E-07
-0.005103886,1.78741E-07
-0.005103886,1.78741E-07
-0.005103886,1.78741E-07
-0.005103886,1.78741E-07
-0.005103886,1.78741E-07
-0.005103886,1.78741E-07
-0.005103886,1.78741E-07
-0.005103886,1.78741E-07
-0.005103886,1.78741E-07
-0.005103886,1.78741E-07
-0.005103886,1.78741E-07
-0.005103886,1.78741E-07
-0.005103886,1.78741E-07
-0.005103886,1.78741E-07
-0.005103886,1.78741E-07
-0.005103886,1.78741E-07
-0.005103886,1.78741E-07
-0.005103886,1.78741E-07
-0.005103886,1.78741E-07
-0.005103886,1.78741E-07
-0.005103886,1.78741E-07
-0.005103886,1.78741E-07
-0.005103886,1.78741E-07
-0.005103886,1.78741E-07
-0.005103886,1.78741E-07
-0.005103886,1.78741E-07
-0.005103886,1.78741E-07
-0.005103886,1.78741E-07
-0.005103886,1.78741E-07
-0.005103886,1.78741E-07
-0.005103886,1.78741E-07
-0.005103886,1.78741E-07
-0.005103886,1.78741E-07
-0.005103886,1.78741E-07
-0.005103886,1.78741E-07
0.197582319,1.78741E-07
0.009548129,1.78741E-07
-0.005103886,1.78741E-07
-0.005103886,1.78741E-07
-0.005103886,1.78741E-07
-0.005103886,1.78741E-07
-0.005103886,1.78741E-07
-0.005103886,1.78741E-07
-0.005103886,1.78741E-07
-0.005103886,1.78741E-07
-0.005103886,1.78741E-07
-0.005103886,1.78741E-07
-0.005103886,1.78741E-07
-0.005103886,1.78741E-07
0.090134211,1.78741E-07
0.141416267,1.78741E-07
-0.005103886,1.78741E-07
-0.005103886,1.78741E-07
-0.005103886,1.78741E-07
-0.005103886,1.78741E-07
-0.005103886,1.78741E-07
-0.005103886,1.78741E-07
-0.005103886,1.78741E-07
-0.005103886,1.78741E-07
-0.005103886,1.78741E-07
-0.005103886,1.78741E-07
-0.005103886,1.78741E-07
-0.005103886,1.78741E-07
-0.005103886,1.78741E-07
-0.005103886,1.78741E-07
-0.005103886,1.78741E-07
-0.005103886,1.78741E-07
-0.005103886,1.78741E-07
-0.005103886,1.78741E-07
-0.005103886,1.78741E-07
-0.005103886,1.78741E-07
-0.005103886,1.78741E-07
-0.005103886,1.78741E-07
-0.005103886,1.78741E-07
-0.005103886,1.78741E-07
-0.005103886,1.78741E-07
-0.005103886,1.78741E-07
-0.005103886,1.78741E-07
-0.005103886,1.78741E-07
-0.005103886,1.78741E-07
-0.005103886,1.78741E-07
-0.005103886,1.78741E-07
-0.005103886,1.78741E-07
-0.005103886,1.78741E-07
-0.005103886,1.78741E-07
-0.005103886,1.78741E-07
-0.005103886,1.78741E-07
-0.005103886,1.78741E-07
-0.005103886,1.78741E-07
-0.005103886,1.78741E-07
-0.005103886,1.78741E-07
-0.005103886,1.78741E-07
-0.005103886,1.78741E-07
-0.005103886,1.78741E-07
-0.005103886,1.78741E-07
-0.005103886,1.78741E-07
-0.005103886,1.78741E-07
-0.005103886,1.78741E-07
-0.005103886,1.78741E-07
-0.005103886,1.78741E-07
-0.005103886,1.78741E-07
-0.005103886,1.78741E-07
-0.005103886,1.78741E-07
-0.005103886,1.78741E-07
-0.005103886,1.78741E-07
-0.005103886,1.78741E-07
-0.005103886,1.78741E-07
-0.005103886,1.78741E-07
-0.005103886,1.78741E-07
-0.005103886,1.78741E-07
-0.005103886,1.78741E-07
-0.005103886,1.78741E-07
-0.005103886,1.78741E-07
-0.005103886,1.78741E-07
-0.005103886,1.78741E-07
-0.005103886,1.78741E-07
-0.005103886,1.78741E-07
-0.005103886,1.78741E-07
-0.005103886,1.78741E-07
-0.005103886,1.78741E-07
-0.005103886,1.78741E-07
-0.005103886,1.78741E-07
-0.005103886,1.78741E-07
-0.005103886,1.78741E-07
-0.005103886,1.78741E-07
-0.005103886,1.78741E-07
-0.005103886,1.78741E-07
-0.005103886,1.78741E-07
-0.005103886,1.78741E-07
-0.005103886,1.78741E-07
-0.005103886,1.78741E-07
-0.005103886,1.78741E-07
-0.005103886,1.78741E-07
-0.005103886,1.78741E-07
-0.005103886,1.78741E-07
-0.005103886,1.78741E-07
-0.005103886,1.78741E-07
-0.005103886,1.78741E-07
-0.005103886,1.78741E-07
-0.005103886,1.78741E-07
-0.005103886,1.78741E-07
-0.005103886,1.78741E-07
-0.005103886,1.78741E-07
-0.005103886,1.78741E-07
-0.005103886,1.78741E-07
-0.005103886,1.78741E-07
-0.005103886,1.78741E-07
-0.005103886,1.78741E-07
-0.005103886,1.78741E-07
-0.005103886,1.78741E-07
-0.005103886,1.78741E-07
-0.005103886,1.78741E-07
-0.005103886,1.78741E-07
-0.005103886,1.78741E-07
-0.005103886,1.78741E-07
-0.005103886,1.78741E-07
-0.005103886,1.78741E-07
-0.005103886,1.78741E-07
-0.005103886,1.78741E-07
-0.005103886,1.78741E-07
-0.005103886,1.78741E-07
-0.005103886,1.78741E-07
-0.005103886,1.78741E-07
-0.005103886,1.78741E-07
-0.005103886,1.78741E-07
-0.005103886,1.78741E-07
-0.005103886,1.78741E-07
-0.005103886,1.78741E-07
-0.005103886,1.78741E-07
-0.005103886,1.78741E-07
-0.005103886,1.78741E-07
-0.005103886,1.78741E-07
-0.005103886,1.78741E-07
-0.005103886,1.78741E-07
-0.005103886,1.78741E-07
-0.005103886,1.78741E-07
-0.005103886,1.78741E-07
-0.005103886,1.78741E-07
-0.005103886,1.78741E-07
-0.005103886,1.78741E-07
-0.005103886,1.78741E-07
-0.005103886,1.78741E-07
-0.005103886,1.78741E-07
-0.005103886,1.78741E-07
-0.005103886,1.78741E-07
-0.005103886,1.78741E-07
-0.005103886,1.78741E-07
-0.005103886,1.78741E-07
-0.005103886,1.78741E-07
-0.005103886,1.78741E-07
-0.005103886,1.78741E-07
-0.005103886,1.78741E-07
-0.005103886,1.78741E-07
-0.005103886,1.78741E-07
-0.005103886,1.78741E-07
-0.005103886,1.78741E-07
-0.005103886,1.78741E-07
-0.005103886,1.78741E-07
-0.005103886,1.78741E-07
-0.005103886,1.78741E-07
-0.005103886,1.78741E-07
-0.005103886,1.78741E-07
-0.005103886,1.78741E-07
-0.005103886,1.78741E-07
-0.005103886,1.78741E-07
-0.005103886,1.78741E-07
-0.005103886,1.78741E-07
-0.005103886,1.78741E-07
-0.005103886,1.78741E-07
-0.005103886,1.78741E-07
-0.005103886,1.78741E-07
-0.005103886,1.78741E-07
-0.005103886,1.78741E-07
-0.005103886,1.78741E-07
-0.005103886,1.78741E-07
-0.005103886,1.78741E-07
-0.005103886,1.78741E-07
-0.005103886,1.78741E-07
-0.005103886,1.78741E-07
-0.005103886,1.78741E-07
-0.005103886,1.78741E-07
-0.005103886,1.78741E-07
-0.005103886,1.78741E-07
-0.005103886,1.78741E-07
-0.005103886,1.78741E-07
-0.005103886,1.78741E-07
-0.005103886,1.78741E-07
-0.005103886,1.78741E-07
-0.005103886,1.78741E-07
-0.005103886,1.78741E-07
-0.005103886,1.78741E-07
-0.005103886,1.78741E-07
-0.005103886,1.78741E-07
-0.005103886,1.78741E-07
-0.005103886,1.78741E-07
-0.005103886,1.78741E-07
-0.005103886,1.78741E-07
-0.005103886,1.78741E-07
-0.005103886,1.78741E-07
-0.005103886,1.78741E-07
-0.005103886,1.78741E-07
-0.005103886,1.78741E-07
-0.005103886,1.78741E-07
-0.005103886,1.78741E-07
-0.005103886,1.78741E-07
-0.005103886,1.78741E-07
-0.005103886,1.78741E-07
-0.005103886,1.78741E-07
-0.005103886,1.78741E-07
-0.005103886,1.78741E-07
-0.005103886,1.78741E-07
-0.005103886,1.78741E-07
-0.005103886,1.78741E-07
-0.005103886,1.78741E-07
-0.005103886,1.78741E-07
-0.005103886,1.78741E-07
-0.005103886,1.78741E-07
-0.005103886,1.78741E-07
-0.005103886,1.78741E-07
-0.005103886,1.78741E-07
-0.005103886,1.78741E-07
-0.005103886,1.78741E-07
-0.005103886,1.78741E-07
-0.005103886,1.78741E-07
-0.005103886,1.78741E-07
-0.005103886,1.78741E-07
-0.005103886,1.78741E-07
-0.005103886,1.78741E-07
-0.005103886,1.78741E-07
-0.005103886,1.78741E-07
-0.005103886,1.78741E-07
-0.005103886,1.78741E-07
-0.005103886,1.78741E-07
-0.005103886,1.78741E-07
-0.005103886,1.78741E-07
-0.005103886,1.78741E-07
-0.005103886,1.78741E-07
-0.005103886,1.78741E-07
-0.005103886,1.78741E-07
-0.005103886,1.78741E-07
-0.005103886,1.78741E-07
-0.005103886,1.78741E-07
-0.005103886,1.78741E-07
-0.005103886,1.78741E-07
-0.005103886,1.78741E-07
-0.005103886,1.78741E-07
-0.005103886,1.78741E-07
-0.005103886,1.78741E-07
-0.005103886,1.78741E-07
-0.005103886,1.78741E-07
-0.005103886,1.78741E-07
-0.005103886,1.78741E-07
-0.005103886,1.78741E-07
-0.005103886,1.78741E-07
-0.005103886,1.78741E-07
-0.005103886,1.78741E-07
-0.005103886,1.78741E-07
-0.005103886,1.78741E-07
-0.005103886,1.78741E-07
-0.005103886,1.78741E-07
-0.005103886,1.78741E-07
-0.005103886,1.78741E-07
-0.005103886,1.78741E-07
-0.005103886,1.78741E-07
-0.005103886,1.78741E-07
-0.005103886,1.78741E-07
-0.005103886,1.78741E-07
-0.005103886,1.78741E-07
-0.005103886,1.78741E-07
-0.005103886,1.78741E-07
-0.005103886,1.78741E-07
-0.005103886,1.78741E-07
-0.005103886,1.78741E-07
-0.005103886,1.78741E-07
-0.005103886,1.78741E-07
-0.005103886,1.78741E-07
-0.005103886,1.78741E-07
-0.005103886,1.78741E-07
-0.005103886,1.78741E-07
-0.005103886,1.78741E-07
-0.005103886,1.78741E-07
-0.005103886,1.78741E-07
-0.005103886,1.78741E-07
-0.005103886,1.78741E-07
-0.005103886,1.78741E-07
-0.005103886,1.78741E-07
-0.005103886,1.78741E-07
-0.005103886,1.78741E-07
-0.005103886,1.78741E-07
-0.005103886,1.78741E-07
-0.005103886,1.78741E-07
-0.005103886,1.78741E-07
-0.005103886,1.78741E-07
-0.005103886,1.78741E-07
-0.005103886,1.78741E-07
-0.005103886,1.78741E-07
-0.005103886,1.78741E-07
-0.005103886,1.78741E-07
-0.005103886,1.78741E-07
-0.005103886,1.78741E-07
-0.005103886,1.78741E-07
-0.005103886,1.78741E-07
-0.005103886,1.78741E-07
-0.005103886,1.78741E-07
-0.005103886,1.78741E-07
-0.005103886,1.78741E-07
-0.005103886,1.78741E-07
-0.005103886,1.78741E-07
-0.005103886,1.78741E-07
-0.005103886,1.78741E-07
-0.005103886,1.78741E-07
-0.005103886,1.78741E-07
-0.005103886,1.78741E-07
-0.005103886,1.78741E-07
-0.005103886,1.78741E-07
-0.005103886,1.78741E-07
-0.005103886,1.78741E-07
-0.005103886,1.78741E-07
-0.005103886,1.78741E-07
-0.005103886,1.78741E-07
-0.005103886,1.78741E-07
-0.005103886,1.78741E-07
-0.005103886,1.78741E-07
0.15606828,1.78741E-07
0.065714188,1.78741E-07
-0.005103886,1.78741E-07
-0.005103886,1.78741E-07
-0.005103886,1.78741E-07
-0.005103886,1.78741E-07
-0.005103886,1.78741E-07
-0.005103886,1.78741E-07
-0.005103886,1.78741E-07
-0.005103886,1.78741E-07
-0.005103886,1.78741E-07
-0.005103886,1.78741E-07
-0.005103886,1.78741E-07
-0.005103886,1.78741E-07
-0.005103886,1.78741E-07
0.058388177,1.78741E-07
0.143858269,1.78741E-07
-0.005103886,1.78741E-07
-0.005103886,1.78741E-07
-0.005103886,1.78741E-07
-0.005103886,1.78741E-07
-0.005103886,1.78741E-07
-0.005103886,1.78741E-07
-0.005103886,1.78741E-07
-0.005103886,1.78741E-07
-0.005103886,1.78741E-07
-0.005103886,1.78741E-07
-0.005103886,1.78741E-07
-0.005103886,1.78741E-07
-0.005103886,1.78741E-07
-0.005103886,1.78741E-07
-0.005103886,1.78741E-07
-0.005103886,1.78741E-07
-0.005103886,1.78741E-07
-0.005103886,1.78741E-07
-0.005103886,1.78741E-07
-0.005103886,1.78741E-07
-0.005103886,1.78741E-07
-0.005103886,1.78741E-07
-0.005103886,1.78741E-07
-0.005103886,1.78741E-07
-0.005103886,1.78741E-07
-0.005103886,1.78741E-07
-0.005103886,1.78741E-07
-0.005103886,1.78741E-07
-0.005103886,1.78741E-07
-0.005103886,1.78741E-07
-0.005103886,1.78741E-07
-0.005103886,1.78741E-07
-0.005103886,1.78741E-07
-0.005103886,1.78741E-07
-0.005103886,1.78741E-07
-0.005103886,1.78741E-07
-0.005103886,1.78741E-07
-0.005103886,1.78741E-07
-0.005103886,1.78741E-07
-0.005103886,1.78741E-07
-0.005103886,1.78741E-07
-0.005103886,1.78741E-07
-0.005103886,1.78741E-07
-0.005103886,1.78741E-07
-0.005103886,1.78741E-07
-0.005103886,1.78741E-07
-0.005103886,1.78741E-07
-0.005103886,1.78741E-07
-0.005103886,1.78741E-07
-0.005103886,1.78741E-07
-0.005103886,1.78741E-07
0.158510283,1.78741E-07
0.055946175,1.78741E-07
-0.005103886,1.78741E-07
-0.005103886,1.78741E-07
-0.005103886,1.78741E-07
-0.005103886,1.78741E-07
-0.005103886,1.78741E-07
-0.005103886,1.78741E-07
-0.005103886,1.78741E-07
-0.005103886,1.78741E-07
-0.005103886,1.78741E-07
-0.005103886,1.78741E-07
-0.005103886,1.78741E-07
-0.005103886,1.78741E-07
-0.005103886,1.78741E-07
-0.005103886,1.78741E-07
-0.005103886,1.78741E-07
-0.005103886,1.78741E-07
0.195140317,1.78741E-07
-0.005103886,1.78741E-07
-0.005103886,1.78741E-07
-0.005103886,1.78741E-07
-0.005103886,1.78741E-07
-0.005103886,1.78741E-07
-0.005103886,1.78741E-07
-0.005103886,1.78741E-07
-0.005103886,1.78741E-07
-0.005103886,1.78741E-07
-0.005103886,1.78741E-07
-0.005103886,1.78741E-07
-0.005103886,1.78741E-07
-0.005103886,1.78741E-07
-0.005103886,1.78741E-07
-0.005103886,1.78741E-07
-0.005103886,1.78741E-07
-0.005103886,1.78741E-07
-0.005103886,1.78741E-07
-0.005103886,1.78741E-07
-0.005103886,1.78741E-07
-0.005103886,1.78741E-07
-0.005103886,1.78741E-07
-0.005103886,1.78741E-07
-0.005103886,1.78741E-07
-0.005103886,1.78741E-07
-0.005103886,1.78741E-07
-0.005103886,1.78741E-07
-0.005103886,1.78741E-07
-0.005103886,1.78741E-07
-0.005103886,1.78741E-07
-0.005103886,1.78741E-07
-0.005103886,1.78741E-07
-0.005103886,1.78741E-07
-0.005103886,1.78741E-07
-0.005103886,1.78741E-07
-0.005103886,1.78741E-07
-0.005103886,1.78741E-07
-0.005103886,1.78741E-07
-0.005103886,1.78741E-07
-0.005103886,1.78741E-07
-0.005103886,1.78741E-07
-0.005103886,1.78741E-07
-0.005103886,1.78741E-07
-0.005103886,1.78741E-07
-0.005103886,1.78741E-07
-0.005103886,1.78741E-07
-0.005103886,1.78741E-07
-0.005103886,1.78741E-07
-0.005103886,1.78741E-07
-0.005103886,1.78741E-07
-0.005103886,1.78741E-07
-0.005103886,1.78741E-07
0.15606828,1.78741E-07
0.070598193,1.78741E-07
-0.005103886,1.78741E-07
-0.005103886,1.78741E-07
-0.005103886,1.78741E-07
-0.005103886,1.78741E-07
-0.005103886,1.78741E-07
-0.005103886,1.78741E-07
-0.005103886,1.78741E-07
-0.005103886,1.78741E-07
-0.005103886,1.78741E-07
-0.005103886,1.78741E-07
-0.005103886,1.78741E-07
-0.005103886,1.78741E-07
0.153626278,1.78741E-07
0.06815619,1.78741E-07
-0.005103886,1.78741E-07
-0.005103886,1.78741E-07
-0.005103886,1.78741E-07
-0.005103886,1.78741E-07
-0.005103886,1.78741E-07
-0.005103886,1.78741E-07
-0.005103886,1.78741E-07
-0.005103886,1.78741E-07
-0.005103886,1.78741E-07
-0.005103886,1.78741E-07
-0.005103886,1.78741E-07
-0.005103886,1.78741E-07
-0.005103886,1.78741E-07
-0.005103886,1.78741E-07
-0.005103886,1.78741E-07
-0.005103886,1.78741E-07
-0.005103886,1.78741E-07
-0.005103886,1.78741E-07
-0.005103886,1.78741E-07
-0.005103886,1.78741E-07
-0.005103886,1.78741E-07
-0.005103886,1.78741E-07
-0.005103886,1.78741E-07
-0.005103886,1.78741E-07
-0.005103886,1.78741E-07
-0.005103886,1.78741E-07
-0.005103886,1.78741E-07
-0.005103886,1.78741E-07
-0.005103886,1.78741E-07
-0.005103886,1.78741E-07
-0.005103886,1.78741E-07
-0.005103886,1.78741E-07
-0.005103886,1.78741E-07
-0.005103886,1.78741E-07
-0.005103886,1.78741E-07
-0.005103886,1.78741E-07
-0.005103886,1.78741E-07
-0.005103886,1.78741E-07
-0.005103886,1.78741E-07
-0.005103886,1.78741E-07
-0.005103886,1.78741E-07
-0.005103886,1.78741E-07
-0.005103886,1.78741E-07
-0.005103886,1.78741E-07
-0.005103886,1.78741E-07
-0.005103886,1.78741E-07
-0.005103886,1.78741E-07
-0.005103886,1.78741E-07
-0.005103886,1.78741E-07
-0.005103886,1.78741E-07
-0.005103886,1.78741E-07
-0.005103886,1.78741E-07
-0.005103886,1.78741E-07
0.097460218,1.78741E-07
0.124322243,1.78741E-07
-0.005103886,1.78741E-07
-0.005103886,1.78741E-07
-0.005103886,1.78741E-07
-0.005103886,1.78741E-07
-0.005103886,1.78741E-07
-0.005103886,1.78741E-07
-0.005103886,1.78741E-07
-0.005103886,1.78741E-07
0.107228227,1.78741E-07
0.112112232,1.78741E-07
-0.005103886,1.78741E-07
-0.005103886,1.78741E-07
-0.005103886,1.78741E-07
-0.005103886,1.78741E-07
-0.005103886,1.78741E-07
-0.005103886,1.78741E-07
-0.005103886,1.78741E-07
-0.005103886,1.78741E-07
-0.005103886,1.78741E-07
-0.005103886,1.78741E-07
-0.005103886,1.78741E-07
-0.005103886,1.78741E-07
-0.005103886,1.78741E-07
-0.005103886,1.78741E-07
-0.005103886,1.78741E-07
-0.005103886,1.78741E-07
-0.005103886,1.78741E-07
-0.005103886,1.78741E-07
-0.005103886,1.78741E-07
-0.005103886,1.78741E-07
-0.005103886,1.78741E-07
-0.005103886,1.78741E-07
-0.005103886,1.78741E-07
-0.005103886,1.78741E-07
-0.005103886,1.78741E-07
-0.005103886,1.78741E-07
-0.005103886,1.78741E-07
-0.005103886,1.78741E-07
-0.005103886,1.78741E-07
-0.005103886,1.78741E-07
-0.005103886,1.78741E-07
-0.005103886,1.78741E-07
-0.005103886,1.78741E-07
-0.005103886,1.78741E-07
-0.005103886,1.78741E-07
-0.005103886,1.78741E-07
-0.005103886,1.78741E-07
-0.005103886,1.78741E-07
-0.005103886,1.78741E-07
-0.005103886,1.78741E-07
-0.005103886,1.78741E-07
-0.005103886,1.78741E-07
-0.005103886,1.78741E-07
-0.005103886,1.78741E-07
-0.005103886,1.78741E-07
-0.005103886,1.78741E-07
-0.005103886,1.78741E-07
-0.005103886,1.78741E-07
-0.005103886,1.78741E-07
-0.005103886,1.78741E-07
-0.005103886,1.78741E-07
-0.005103886,1.78741E-07
-0.005103886,1.78741E-07
-0.005103886,1.78741E-07
-0.005103886,1.78741E-07
-0.005103886,1.78741E-07
-0.005103886,1.78741E-07
-0.005103886,1.78741E-07
-0.005103886,1.78741E-07
-0.005103886,1.78741E-07
-0.005103886,1.78741E-07
-0.005103886,1.78741E-07
-0.005103886,1.78741E-07
-0.005103886,1.78741E-07
-0.005103886,1.78741E-07
-0.005103886,1.78741E-07
-0.005103886,1.78741E-07
-0.005103886,1.78741E-07
-0.005103886,1.78741E-07
-0.005103886,1.78741E-07
-0.005103886,1.78741E-07
-0.005103886,1.78741E-07
-0.005103886,1.78741E-07
-0.005103886,1.78741E-07
-0.005103886,1.78741E-07
-0.005103886,1.78741E-07
-0.005103886,1.78741E-07
-0.005103886,1.78741E-07
-0.005103886,1.78741E-07
-0.005103886,1.78741E-07
-0.005103886,1.78741E-07
-0.005103886,1.78741E-07
-0.005103886,1.78741E-07
-0.005103886,1.78741E-07
-0.005103886,1.78741E-07
-0.005103886,1.78741E-07
-0.005103886,1.78741E-07
-0.005103886,1.78741E-07
0.178046301,1.78741E-07
0.016874136,1.78741E-07
-0.005103886,1.78741E-07
-0.005103886,1.78741E-07
-0.005103886,1.78741E-07
-0.005103886,1.78741E-07
-0.005103886,1.78741E-07
0.043736164,1.78741E-07
0.151184276,1.78741E-07
-0.005103886,1.78741E-07
-0.005103886,1.78741E-07
-0.005103886,1.78741E-07
-0.005103886,1.78741E-07
-0.005103886,1.78741E-07
-0.005103886,1.78741E-07
-0.005103886,1.78741E-07
-0.005103886,1.78741E-07
-0.005103886,1.78741E-07
-0.005103886,1.78741E-07
-0.005103886,1.78741E-07
-0.005103886,1.78741E-07
-0.005103886,1.78741E-07
-0.005103886,1.78741E-07
-0.005103886,1.78741E-07
-0.005103886,1.78741E-07
-0.005103886,1.78741E-07
-0.005103886,1.78741E-07
-0.005103886,1.78741E-07
-0.005103886,1.78741E-07
-0.005103886,1.78741E-07
-0.005103886,1.78741E-07
-0.005103886,1.78741E-07
-0.005103886,1.78741E-07
-0.005103886,1.78741E-07
-0.005103886,1.78741E-07
-0.005103886,1.78741E-07
-0.005103886,1.78741E-07
-0.005103886,1.78741E-07
-0.005103886,1.78741E-07
-0.005103886,1.78741E-07
-0.005103886,1.78741E-07
-0.005103886,1.78741E-07
-0.005103886,1.78741E-07
-0.005103886,1.78741E-07
-0.005103886,1.78741E-07
-0.005103886,1.78741E-07
-0.005103886,1.78741E-07
-0.005103886,1.78741E-07
-0.005103886,1.78741E-07
-0.005103886,1.78741E-07
-0.005103886,1.78741E-07
-0.005103886,1.78741E-07
-0.005103886,1.78741E-07
-0.005103886,1.78741E-07
-0.005103886,1.78741E-07
-0.005103886,1.78741E-07
-0.005103886,1.78741E-07
-0.005103886,1.78741E-07
-0.005103886,1.78741E-07
-0.005103886,1.78741E-07
-0.005103886,1.78741E-07
-0.005103886,1.78741E-07
-0.005103886,1.78741E-07
-0.005103886,1.78741E-07
-0.005103886,1.78741E-07
-0.005103886,1.78741E-07
-0.005103886,1.78741E-07
-0.005103886,1.78741E-07
-0.005103886,1.78741E-07
-0.005103886,1.78741E-07
0.197582319,1.78741E-07
0.038852159,1.78741E-07
-0.005103886,1.78741E-07
-0.005103886,1.78741E-07
-0.005103886,1.78741E-07
-0.005103886,1.78741E-07
-0.005103886,1.78741E-07
0.082808204,1.78741E-07
0.158510283,1.78741E-07
-0.005103886,1.78741E-07
-0.005103886,1.78741E-07
-0.005103886,1.78741E-07
-0.005103886,1.78741E-07
-0.005103886,1.78741E-07
-0.005103886,1.78741E-07
-0.005103886,1.78741E-07
-0.005103886,1.78741E-07
-0.005103886,1.78741E-07
-0.005103886,1.78741E-07
-0.005103886,1.78741E-07
-0.005103886,1.78741E-07
-0.005103886,1.78741E-07
-0.005103886,1.78741E-07
-0.005103886,1.78741E-07
-0.005103886,1.78741E-07
-0.005103886,1.78741E-07
-0.005103886,1.78741E-07
-0.005103886,1.78741E-07
-0.005103886,1.78741E-07
-0.005103886,1.78741E-07
-0.005103886,1.78741E-07
-0.005103886,1.78741E-07
-0.005103886,1.78741E-07
-0.005103886,1.78741E-07
-0.005103886,1.78741E-07
-0.005103886,1.78741E-07
-0.005103886,1.78741E-07
-0.005103886,1.78741E-07
-0.005103886,1.78741E-07
-0.005103886,1.78741E-07
-0.005103886,1.78741E-07
-0.005103886,1.78741E-07
-0.005103886,1.78741E-07
-0.005103886,1.78741E-07
-0.005103886,1.78741E-07
-0.005103886,1.78741E-07
-0.005103886,1.78741E-07
-0.005103886,1.78741E-07
-0.005103886,1.78741E-07
-0.005103886,1.78741E-07
-0.005103886,1.78741E-07
-0.005103886,1.78741E-07
-0.005103886,1.78741E-07
-0.005103886,1.78741E-07
-0.005103886,1.78741E-07
-0.005103886,1.78741E-07
-0.005103886,1.78741E-07
-0.005103886,1.78741E-07
-0.005103886,1.78741E-07
-0.005103886,1.78741E-07
-0.005103886,1.78741E-07
-0.005103886,1.78741E-07
-0.005103886,1.78741E-07
-0.005103886,1.78741E-07
-0.005103886,1.78741E-07
-0.005103886,1.78741E-07
-0.005103886,1.78741E-07
-0.005103886,1.78741E-07
-0.005103886,1.78741E-07
-0.005103886,1.78741E-07
-0.005103886,1.78741E-07
-0.005103886,1.78741E-07
-0.005103886,1.78741E-07
-0.005103886,1.78741E-07
